{
  "ime": "Hrvatska",
  "podaci": 
  [
    {
      "ime": "Požeško-Slavonska",
      "boja": "#FF0000",
      "gradovi": 
      [
        {
          "ime": "Pakrac",
          "veličina": 1
        },
        {
          "ime": "Požega",
          "veličina": 3
        },
        {
          "ime": "Kutjevo",
          "veličina": 1
        }
      ]
    },
    {
      "ime": "Brodsko-Posavska",
      "boja": "#00FF00",
      "gradovi": 
      [
        {
          "ime": "Okučani",
          "veličina": 0
        },
        {
          "ime": "Nova Gradiška",
          "veličina": 2
        },
        {
          "ime": "Slavonski Brod",
          "veličina": 4
        }
      ]
    },
    {
      "ime": "Bjelovarsko-Bilogorska",
      "boja": "#0000FF",
      "gradovi": 
      [
        {
          "ime": "Bjelovar",
          "veličina": 3
        },
        {
          "ime": "Čazma",
          "veličina": 1
        },
        {
          "ime": "Daruvar",
          "veličina": 1
        }
      ]
    },
    {
      "ime": "Virovitičko-Podravska",
      "boja": "#FFFF00",
      "gradovi": 
      [
        {
          "ime": "Virovitica",
          "veličina": 3
        },
        {
          "ime": "Slatina",
          "veličina": 2
        },
        {
          "ime": "Voćin",
          "veličina": 1
        }
      ]
    },
    {
      "ime": "Osječko-Baranjska",
      "boja": "#FFFFFF",
      "gradovi": 
      [
        {
          "ime": "Osijek",
          "veličina": 4
        },
        {
          "ime": "Đakovo",
          "veličina": 3
        },
        {
          "ime": "Našice",
          "veličina": 2
        }
      ]
    },
    {
      "ime": "Vukovarsko-Srijemska",
      "boja": "#00FFFF",
      "gradovi": 
      [
        {
          "ime": "Vukovar",
          "veličina": 3
        },
        {
          "ime": "Vinkovci",
          "veličina": 3
        },
        {
          "ime": "Županja",
          "veličina": 2
        }
      ]
    }
  ]
}